time,altitude,phase_angle,airspeed,ergy
5735291.45790427,70750.7995571295,-90.1221323099549,2099.45878187142,2824507
5735301.45790404,70761.1905824357,-91.9154614514888,2099.40715817253,2824480
5735311.49790382,70774.5846569485,-93.7138414519223,2093.89671708804,2813032
5735321.47790359,70782.8624500448,-95.4987864025487,2093.86551640432,2813031
5735331.45790337,70787.6756187469,-97.2836928933531,2093.84721811075,2813031
5735341.49790315,70789.0092647909,-99.079311895895,2093.84185116301,2813030
5735351.47790292,70786.8560795423,-100.864202147072,2093.84948728393,2813029
5735361.4579027,70781.2272431394,-102.64911468665,2093.87004485449,2813028
5735371.49790248,70772.0700499858,-104.44480106772,2093.90374308431,2813026
5735381.47790225,70759.5006848319,-106.22981914988,2093.95014008516,2813025
5735391.45790203,70743.4869181325,-108.01492005623,2094.0093463337,2813023
5735401.49790181,70723.9302409459,-109.810856812778,2094.08176827046,2813021
5735411.47790158,70701.0709505666,-111.596184013887,2094.16645461366,2813019
5735421.45790136,70674.840288742,-113.381653758244,2094.26370497876,2813017
5735431.49790114,70645.0766309702,-115.178021420359,2094.37410832243,2813015
5735441.47790091,70612.1677672863,-116.963835972841,2094.49621949538,2813012
5735451.57342571,70574.688025922,-118.7812662689,2094.63565123723,2813008
5735461.49342571,70533.6529343462,-120.556775696642,2094.78738920247,2813003
5735471.50305829,70490.1239732041,-122.341413769131,2094.94800421183,2812999
5735481.5030583,70443.6021057394,-124.131749258106,2095.12041450229,2812995
5735491.50305831,70394.0060866193,-125.922364792263,2095.304355483,2812991
5735501.50305832,70341.3351808949,-127.713278317664,2095.49960085886,2812986
5735511.50305833,70285.7213992227,-129.504507500196,2095.70596163929,2812981
5735521.50305834,70227.1995274894,-131.296069632647,2095.92318419654,2812977
5735531.50305835,70165.7907031249,-133.087981634172,2096.15101812127,2812971
5735541.50305836,70101.6351311273,-134.880260033072,2096.38920480578,2812966
5735551.50305837,70034.7374210153,-136.672920949129,2096.6374714309,2812961
5735561.46305837,69965.4852327234,-138.458807021622,2096.89444950311,2812955
5735571.58305838,69892.6311714037,-140.273801741878,2097.16391317999,2812947
5735581.52523367,69818.6785599171,-142.053740207177,2097.43284877491,2812930
5735591.48523345,69742.7786107046,-143.840893177628,2097.70457782425,2812903
5735601.44523322,69664.5917117136,-145.628484039961,2097.97947220987,2812864
5735611.545233,69583.0650027753,-147.441657032578,2098.25963332554,2812810
5735621.50523278,69500.5158241841,-149.230152683944,2098.53634885289,2812740
5735631.46523255,69415.9370544449,-151.019106612558,2098.81262177411,2812654
5735641.56523233,69328.1583228355,-152.833679330119,2099.09143499533,2812547
5735651.52523211,69239.6721065328,-154.623569718324,2099.36419843537,2812422
5735661.48523188,69149.3567686545,-156.413929938335,2099.63397267598,2812277
5735671.44523166,69057.2620697519,-158.204762094312,2099.90000155256,2812109
5735681.54523143,68962.124281878,-160.02124988057,2100.165218758,2811916
5735691.50523121,68866.6021870283,-161.813035831098,2100.42161635846,2811700
5735701.46523099,68769.4512168949,-163.605295596798,2100.67231202953,2811460
5735711.56523076,68669.3203009042,-165.423230988558,2100.92023913743,2811191
5735721.52523054,68569.0027165404,-167.216442707427,2101.15808968889,2810898
5735731.48523032,68467.152578528,-169.010125020191,2101.38894981773,2810579
5735741.4452301,68363.7759617916,-170.804276018418,2101.61244510108,2810231
5735751.54522987,68257.4277692207,-172.624122336854,2101.83123980048,2809851
5735761.50522965,68151.0322891121,-174.419210245739,2102.03897241615,2809446
5735771.46522942,68043.1395160054,-176.21475927897,2102.23838608232,2809012
5735781.5652292,67932.1775608216,-178.036014700861,2102.43176984179,2808540
5735791.52522898,67821.2047280539,-179.832482928847,2102.61345614863,2808044
5735801.48522875,67708.6797876513,178.370597629476,2102.78584412018,2807516
5735811.44522853,67594.5613148215,176.573230677598,2102.94861533145,2806954
5735821.54522831,67477.1401340689,174.750146766241,2103.10294245886,2806348
5735831.50522808,67359.6556919765,172.951891499411,2103.24400993796,2805714
5735841.46522786,67240.4077742122,171.153202127522,2103.37414811096,2805042
5735851.56522763,67117.6103406328,169.328791365622,2103.4945169635,2804321
5735861.52522741,66994.558920671,167.52924193951,2103.60083681807,2803569
5735871.48522719,66869.5104648765,165.729273513549,2103.69397875458,2802772
5735881.44522697,66742.3395020659,163.928891861064,2103.77356395756,2801930
5735891.54522674,66611.0833852621,162.102787538766,2103.84020509512,2801027
5735901.50522652,66479.254603092,160.301590842237,2103.89189575563,2800088
5735911.4652263,66344.9108462086,158.499997552099,2103.92960023469,2799100
5735921.56522607,66205.8993420783,156.672680711325,2103.953513519,2798044
5735931.52522585,66065.9855723461,154.870303232562,2103.96285632388,2796951
5735941.48522562,65922.9970563637,153.067542886894,2103.95788061535,2795802
5735951.4452254,65776.7945330931,151.264403374555,2103.93878330331,2794598
5735961.54522518,65624.9936639651,149.435534437731,2103.9049814476,2793317
5735971.50522495,65471.591430173,147.631639623774,2103.85810324174,2791996
5735981.46522473,65314.2653961862,145.827372032915,2103.79807314887,2790615
5735991.56522451,65150.4503616364,143.997362816777,2103.7239851522,2789152
5736001.52522428,64984.4065365375,142.192344296122,2103.63804191,2787646
5736011.48522406,64813.6074367451,140.386951133121,2103.53950106445,2786075
5736021.44522384,64637.7596817998,138.581180868118,2103.42857540086,2784436
5736031.54522361,64453.9551564375,136.749639612641,2103.30371490333,2782704
5736041.50522339,64266.9512370437,134.943098124945,2103.16864388393,2780924
5736051.46522317,64073.8764073928,133.136165596001,2103.02206643826,2779071
5736061.56522294,63871.5320961486,131.303427916926,2102.86194666186,2777114
5736071.52522272,63665.11880137,129.49568530744,2102.69304088902,2775104
5736081.4852225,63451.488794419,127.687526760758,2102.51344338223,2773014
5736091.44522227,63230.2156328065,125.878941452695,2102.32339583588,2770839
5736101.54522205,62997.5828038047,124.044485947626,2102.12028286147,2768544
5736111.50522182,62759.5711189741,122.235002670546,2101.90998972922,2766189
5736121.4652216,62512.5474084817,120.425051539048,2101.69007918657,2763741
5736131.56522138,62252.3331264716,118.589164547635,2101.45745820252,2761158
5736141.52522115,61985.612470364,116.778219324708,2101.21835720997,2758508
5736151.48522093,61708.3263886358,114.966752757324,2100.96801955812,2755747
5736161.44522071,61419.9185214996,113.154746436708,2100.7042238934,2752866
5736171.54522048,61115.4784858892,111.316700759905,2100.4200810296,2749811
5736181.50522026,60802.8580685712,109.503554720044,2100.11985691588,2746654
5736191.46522004,60477.2534787917,107.689819652835,2099.79535662598,2743338
5736201.56521981,60133.1250285159,105.849976297884,2099.43584978755,2739797
5736211.52521959,59779.3014621654,104.03502143067,2099.0444357196,2736107
5736221.48521937,59410.3360711965,102.219452574916,2098.60784284354,2732196
5736231.44521914,59025.4279258919,100.403272074728,2098.11544340427,2728036
5736241.54521892,58617.9318068811,98.5609490662743,2097.54605128121,2723526
5736251.50521869,58198.1918998505,96.7435772916882,2096.90356865226,2718760
5736261.46521847,57759.6823476732,94.9256501719577,2096.16996652644,2713646
5736271.56521825,57294.6832645561,93.0816370234432,2095.32160775784,2708071
5736281.52521802,56814.9011413784,91.2626991197795,2094.37233087921,2702159
5736291.4852178,56312.7065711741,89.4433268374729,2093.2954070589,2695790
5736301.44521758,55786.6987365684,87.6235797662921,2092.07234391053,2688916
5736311.54521735,55227.3912608421,85.777946838566,2090.66025350281,2681367
5736321.50521713,54648.6001874877,83.9576869343065,2089.07083702943,2673281
5736331.46521691,54040.9150477353,82.1373335296093,2087.25219178181,2664472
5736341.56521668,53393.0906782066,80.2914444718013,2085.13164056598,2654696
5736351.52521646,52720.8258816997,78.4713742208831,2082.71741349385,2644099
5736361.48521624,52012.8854041338,76.6517589299832,2079.9216379939,2632407
5736371.44521601,51266.5242057815,74.8328760018499,2076.67134354283,2619446
5736381.54521579,50467.3258976205,72.9895269127118,2072.82064222124,2604796
5736391.50521557,49633.9482461655,71.173244347126,2068.36802730072,2588613
5736401.46521534,48751.7587422881,69.3589939334749,2063.13354497366,2570409
5736411.56521512,47802.8905410208,67.5219831437707,2056.86242369588,2549519
5736421.52521489,46808.7022243405,65.7139584248675,2049.50934051227,2526044
5736431.48521467,45750.8495044441,63.9104699487092,2040.70393409202,2499093
5736441.44521445,44622.9619523004,62.1128335953237,2030.09681168202,2467936
5736451.54521422,43400.3099414103,60.2976159643839,2017.05113035379,2431128
5736461.505214,42108.463060566,58.5172749111477,2001.37986755868,2388600
5736471.46521378,40721.5587710579,56.7492449875137,1982.28122374575,2338656
5736481.56521355,39207.052499803,54.9724336777511,1958.27717721876,2278304
5736491.52521333,37594.9325814558,53.2408597836903,1928.34543332494,2206170
5736501.48521311,35852.2600022808,51.5366855020638,1888.81125101654,2115538
5736511.44521288,33966.5699076642,49.8706368130099,1835.14892251216,1999103
5736521.54521266,31896.0200227195,48.2358047202742,1760.90563361766,1847361
5736531.50521244,29688.8270598412,46.6987492899892,1661.07382846633,1656963
5736541.46521221,27318.7353036599,45.2657495542905,1524.64519435759,1418466
5736551.56521199,24772.0499521862,43.9584957551679,1341.73328624919,1133376
5736561.52521177,22169.1747904598,42.854320060319,1121.96239090219,839010
5736571.48521154,19561.3605533842,41.9693340081426,874.425802020982,568038
5736581.48521132,17065.1319038682,41.3190588184257,620.535703660904,355211
5736591.4852111,14785.7062392265,40.896717236772,405.416694389213,223653
5736592.48521107,14575.0212065333,40.86533881393,385.740480944399,213901
5736593.48521105,14369.305745011,40.8359355658267,364.258122224405,203923
5736594.48521103,14170.0826994348,40.8086488886056,341.146261206086,193909
5736595.48521101,13978.3049211391,40.7835310487223,318.456221538851,184631
5736596.48521098,13793.2236178003,40.7604001855258,300.008525334293,177194
5736597.48521096,13612.0323771266,40.7388265868642,287.38925910922,171790
5736598.48521094,13432.0924531065,40.7184327411714,278.696726324098,167642
5736599.48521092,13251.814498595,40.6989889955687,272.286671862645,164184
5736600.48521089,13070.3691470666,40.6803635874704,267.162281387948,161097
5736601.48521087,12887.39462566,40.662481165643,262.740553999706,158206
5736602.48521085,12702.7757357212,40.6452945226298,258.805069524715,155444
5736603.48521083,12516.4635632373,40.6287658614696,255.285865392627,152787
5736604.48521081,12328.4412428909,40.6128627029064,252.122224940897,150214
5736605.48521078,12138.7208713962,40.5975570476819,249.260606639789,147709
5736606.48521076,11947.3398264144,40.5828244959078,246.654015415818,145259
5736607.48521074,11754.3571465485,40.5686437353928,244.261335645234,142851
5736608.48521072,11559.8505329757,40.5549959687503,242.046659132831,140477
5736609.48521069,11363.9132658405,40.5418644681507,239.978750035984,138128
5736610.48521067,11166.6511979171,40.5292341064288,238.030659896734,135799
5736611.48521065,10968.1797601752,40.5170909508994,236.179663874151,133483
5736612.48521063,10768.6211144739,40.5054219713053,234.406520172414,131178
5736613.4852106,10568.1018830849,40.4942147288368,232.694962719169,128879
5736614.48521058,10366.7510885011,40.4834571187257,231.031373810596,126586
5736615.48521056,10164.6984987792,40.4731371258901,229.404370604391,124296
5736616.48521054,9962.07317360584,40.4632427520278,227.804560646118,122008
5736617.48521051,9759.00230208423,40.4537618306464,226.224326543489,119722
5736618.48521049,9555.61021235934,40.4446820325017,224.657619678518,117436
5736619.48521047,9352.01757574559,40.435990861046,223.099756167545,115152
5736620.48521045,9148.34075852053,40.4276757139984,221.547227414279,112870
5736621.48521043,8944.69137023296,40.4197239678518,219.997487203814,110590
5736622.4852104,8741.17455973884,40.4121229469488,218.461450969121,108315
5736623.48521038,8537.82935370028,40.4048566642716,217.054694137174,106070
5736624.48521036,8334.61906121846,40.3979081632573,215.781689413491,103857
5736625.48521034,8131.51919554302,40.3912623535153,214.617303989702,101668
5736626.48521031,7928.52043661452,40.3849054980683,213.540936361118,99499
5736627.48521029,7725.62536929478,40.3788250047045,212.535668611406,97346
5736628.48521027,7522.8458367103,40.3730091572521,211.587576257472,95206
5736629.48521025,7320.20081103873,40.3674469308835,210.685180294985,93077
5736630.48521022,7117.71464544139,40.3621278981191,209.818994496326,90956
5736631.4852102,6915.4156686276,40.3570421129768,208.981165690686,88842
5736632.48521018,6713.3350230268,40.352179993229,208.165177357313,86734
5736633.48521016,6511.50571274757,40.3475322468079,207.365601481594,84632
5736634.48521013,6309.96187996282,40.3430898701161,206.577893148164,82534
5736635.48521011,6108.7382133971,40.3388441822503,205.798222242553,80440
5736636.48521009,5907.86950434733,40.3347868075376,205.023338617169,78350
5736637.48521007,5707.39031994191,40.3309096822909,204.250462239085,76264
5736638.48521005,5507.33474368218,40.3272050259755,203.477227759242,74180
5736639.48521002,5307.7361858089,40.3236652770993,202.70152172964,72100
5736640.48521,5108.62731957191,40.3202830155802,201.921452559787,70023
5736641.48520998,4910.04002268426,40.3170508081159,201.135313312013,67950
5736642.48520996,4712.00535863789,40.3139610384743,200.341541144927,65879
5736643.48520993,4514.55361138005,40.3110057000587,199.538678186472,63812
5736644.48520991,4317.71433480526,40.3081761911309,198.725344525596,61748
5736645.48520989,4121.51642320037,40.305463124188,197.900205741259,59687
5736646.48520987,3925.98822194524,40.3028561898756,197.061954303729,57629
5736647.48520984,3731.15764168114,40.3003441237215,196.209293923984,55575
5736648.48520982,3537.05228417437,40.297914805824,195.340927800632,53525
5736649.4852098,3343.6995533352,40.295555578158,194.455539704659,51478
5736650.48520978,3151.12683112104,40.2932537771421,193.551782748656,49434
5736651.48520975,2959.36161169293,40.2909975395597,192.628263949693,47395
5736652.48520973,2768.43167522037,40.2887768824439,191.683532381769,45359
5736653.48520971,2578.36524927442,40.2865850554618,190.716073939853,43326
5736654.48520969,2389.19118207507,40.2844201467812,189.724296009437,41298
5736655.48520967,2200.93912588002,40.2822868892865,188.70651455196,39273
5736656.48520964,2013.63969613716,40.2801984580112,187.660940687038,37253
5736657.48520962,1827.32467526605,40.278177966244,186.585660883324,35236
5736658.4852096,1642.02721536998,40.2762595529937,185.478619983305,33224
5736659.48520958,1457.78208457131,40.2744880149183,184.337601696724,31216
5736660.48520955,1274.6259356261,40.2729167369133,183.160246370176,29211
5736661.48520953,1092.59663861676,40.2716020372394,181.94700192671,27212
5736662.48520951,911.758575585904,40.2703386747173,180.637493490808,25207
5736663.44520949,739.961290714797,40.2698890284182,171.291232230071,21885
5736664.50520946,579.515172159183,40.2699495603155,133.184368250963,14521
5736665.48520944,463.374566631508,40.2695449802987,103.284897377606,9854
5736666.46520942,371.686147626606,40.2695147503767,82.7997578892232,7054
5736667.4452094,299.246483434108,40.2693763727554,66.794189485178,5151
5736668.50520937,237.682650484843,40.26893142266,51.5468076452574,3648
5736669.48520935,193.165211362764,40.2685083754655,39.9667225891416,2685
5736670.46520933,158.038284190814,40.2684545267864,31.5975636325933,2042
5736671.44520931,130.356079710065,40.2684349834138,24.1195091435827,1564
5736672.50520928,106.964897579164,40.2682907674958,19.6824615995706,1239
5736673.48520926,89.8184280318674,40.2681739879536,15.7094492018435,1001
5736674.46520924,76.358152788016,40.2680355093055,11.8678586852812,817
5736675.44520922,65.7382750064135,40.268051669326,10.413801320819,697
5736676.5052092,56.7926569657866,40.2680821781454,8.47794615651776,591
5736677.48520917,50.3386198144872,40.2680555474498,6.07228720627832,511
5736678.44520915,41.9664963808609,40.2679599565333,8.76730523203108,448
5736679.44520913,33.9175621758914,40.2680129218375,7.24858164404684,357
5736680.44520911,27.4540238028858,40.2680134581087,5.1056993580573,281
5736681.44520909,22.5130447554402,40.26804439371,4.96883835646111,232
5736682.44520906,18.50151475647,40.2680185635262,3.49424199703397,187
5736683.44520904,15.3488767727977,40.2680259557562,2.25352126238941,153
5736684.44520902,12.916522989748,40.2680251131016,1.93228450176245,128
5736685.445209,11.055523800198,40.2680216600187,2.20129774882754,110
5736686.44520897,9.5265964763239,40.2680030061536,2.00668074383456,95
5736687.44520895,8.60392347443849,40.2679473042775,0.879536630747811,85
5736688.44520893,7.9668888670858,40.2679203584301,0.464289986978518,78
5736689.44520891,7.47749499615747,40.2678741159298,0.460975115777481,73
5736690.44520888,7.31824982038233,40.267871560606,0.107877319688132,72
time,altitude,phase_angle,airspeed,ergy
5735418.78102443,70953.8011844457,-112.951361468936,2098.71371076521,2824536
5735428.76064583,70962.9735334334,-114.736274340577,2098.65463446477,2824484
5735438.76064561,70978.2227665421,-116.526356420373,2093.31416687586,2813410
5735448.82064538,70984.9627311559,-118.324568618865,2093.28974671488,2813411
5735458.78064516,70987.9093533942,-120.104878723331,2093.27891162359,2813412
5735468.84064494,70987.2381413823,-121.903057109476,2093.28145848802,2813412
5735478.80064471,70982.9663053188,-123.68337560697,2093.29733350454,2813411
5735488.76064449,70975.1129238607,-125.463729462552,2093.32647779032,2813411
5735498.82064427,70963.5564340574,-127.262015309813,2093.36935125093,2813410
5735508.78064404,70948.5416339291,-129.042502727285,2093.42505352161,2813408
5735518.84064382,70929.7860231028,-130.840965456478,2093.49463879587,2813407
5735528.84558515,70907.0132651672,-132.636857070235,2093.57918596029,2813405
5735539.03215251,70879.1072100999,-134.461795924517,2093.68203222221,2813400
5735548.87215252,70848.3741758064,-136.221360283154,2093.79492761881,2813395
5735559.01459388,70813.795214138,-138.031622033104,2093.9224533195,2813392
5735568.81050207,70777.6081223905,-139.780111928159,2094.05607310162,2813388
5735578.93050208,70737.0348562601,-141.590370299426,2094.20633770874,2813384
5735588.97064851,70692.8913075785,-143.390170027125,2094.36992384265,2813379
5735598.75064845,70646.5999335801,-145.140108254585,2094.541134086,2813375
5735608.83064838,70595.6701590396,-146.944010534988,2094.72957546987,2813369
5735618.91064831,70541.5334123197,-148.748221003438,2094.9299766668,2813364
5735628.99064824,70484.2523544854,-150.552758427135,2095.1420932511,2813358
5735639.01064817,70424.2614265134,-152.3468967842,2095.36430673675,2813353
5735649.0306481,70361.2985555261,-154.141394062458,2095.59759657783,2813347
5735658.81064804,70297.0475165064,-155.893272029309,2095.8357192484,2813341
5735668.89064797,70228.0086469131,-157.699280221255,2096.09165659359,2813335
5735678.9706479,70156.1915407003,-159.505702525155,2096.3579550008,2813328
5735688.75064783,70083.9359288055,-161.258773457556,2096.62593834414,2813322
5735698.83064776,70006.8927050406,-163.066058770827,2096.91174571592,2813315
5735709.27064769,69924.3279883113,-164.938376050077,2097.21728954449,2813306
5735719.05410955,69844.628202649,-166.689823080121,2097.50863293731,2813292
5735728.78908501,69764.2404658444,-168.433631642272,2097.79849267688,2813268
5735738.79671685,69679.1074661047,-170.229330724013,2098.10093555716,2813233
5735748.89769807,69591.6741840142,-172.042639758963,2098.4054397683,2813183
5735758.75769785,69504.3161863544,-173.813295038833,2098.70267107538,2813119
5735768.85769762,69412.8757215143,-175.627550691435,2099.00612098733,2813036
5735778.7976974,69321.0342799327,-177.413564882179,2099.30279841674,2812935
5735788.95769717,69225.3457982879,-179.239623363799,2099.6030545312,2812811
5735798.81769695,69130.8027511849,178.987737697909,2099.89065986875,2812669
5735808.75769673,69033.8857967963,177.200217301106,2100.17599298754,2812504
5735818.74949349,68934.6395218994,175.399278760612,2100.4587740493,2812314
5735828.84139275,68832.9444113589,173.587014789237,2100.73647553288,2812096
5735838.80139252,68731.2939828681,171.794381378789,2101.00378023453,2811855
5735848.7613923,68628.2424607773,170.001249103195,2101.26382843645,2811588
5735858.94139207,68521.4988478208,168.167996599649,2101.52162259498,2811287
5735868.90139185,68415.7038927015,166.373863770907,2101.76557760421,2810964
5735878.86139163,68308.5848121372,164.579241093913,2102.00094706579,2810612
5735888.8213914,68200.1535647869,162.784132376231,2102.22734906992,2810230
5735898.78139118,68090.4152115019,160.988541768852,2102.44441481726,2809819
5735908.96139095,67976.8980640161,159.152796206447,2102.65623250437,2809366
5735918.90139073,67864.7198197648,157.359853154222,2102.85288224934,2808892
5735928.82139051,67751.427588393,155.570053419111,2103.03872299213,2808386
5735938.76139029,67636.5323833685,153.776185354526,2103.21409228456,2807845
5735948.94139006,67517.392313335,151.938533266502,2103.38197586101,2807254
5735958.90138984,67399.3336548386,150.140139081137,2103.53426650415,2806639
5735968.86138962,67279.7349015777,148.341300472207,2103.67421758225,2805985
5735978.82138939,67158.5225335285,146.542023850215,2103.80132212456,2805291
5735988.78138917,67035.6111338956,144.742315847878,2103.91508836085,2804555
5735998.96138894,66908.1277556369,142.902416556766,2104.01712649817,2803758
5736008.92138872,66781.4495669496,141.10185717523,2104.10249768501,2802932
5736018.8813885,66652.643144474,139.300887074183,2104.17361386538,2802059
5736028.84138827,66521.7514907316,137.499513577637,2104.22829949438,2801134
5736038.80138805,66388.400212254,135.697744409052,2104.26799252986,2800157
5736048.76138783,66252.5702225419,133.895586708192,2104.29036263351,2799124
5736058.9213876,66111.2547101839,132.056849619516,2104.29407376758,2798008
5736068.84138738,65970.5921687174,130.261174456553,2104.27976798061,2796858
5736078.78138716,65826.7654005643,128.461516453826,2104.24934714481,2795649
5736088.96138693,65676.2279633114,126.618034933738,2104.20298578563,2794353
5736098.92138671,65525.5175630096,124.814032889062,2104.14363603239,2793027
5736108.88138649,65371.1662171859,123.009676855565,2104.07089915423,2791643
5736118.84138626,65212.9171659107,121.204967938138,2103.98493359955,2790200
5736128.80138604,65050.5245596298,119.399906837401,2103.88524267602,2788694
5736138.76138582,64883.7204242626,117.594493139992,2103.77818548465,2787137
5736148.94138559,64708.3651752737,115.748806093744,2103.70677889648,2785586
5736158.90138537,64531.7631117036,113.942595974665,2103.62902283574,2784011
5736168.86138515,64349.918090552,112.135972868621,2103.54361568073,2782377
5736178.82138492,64162.5474026323,110.328928727239,2103.4506801641,2780682
5736188.7813847,63969.3568143556,108.521454622522,2103.35034471621,2778924
5736198.96138447,63765.5657511998,106.673601827071,2103.24028619225,2777060
5736208.92138425,63559.6573777603,104.865227250384,2103.12537410414,2775168
5736218.88138403,63346.9635332226,103.056390064067,2103.00343902687,2773206
5736228.8413838,63127.1370144547,101.247077466328,2102.87462979934,2771170
5736238.80138358,62899.8160628648,99.4372755668425,2102.73911901435,2769060
5736248.76138336,62664.6239362982,97.6269693302704,2102.59709824066,2766871
5736258.75342417,62420.3448637355,95.8070418307811,2102.44811346136,2764589
5736268.98974742,62160.3741746369,93.9450493731152,2102.29152046,2762167
5736278.74974743,61903.5559103115,92.1694942967395,2102.1355803738,2759770
5736288.87430788,61627.8104629279,90.3306701001976,2101.9644153929,2757191
5736298.81430765,61347.3530704509,88.5211953776906,2101.78464080727,2754550
5736308.77430743,61055.8573651323,86.7074687404256,2101.59196258625,2751791
5736318.9543072,60746.5700356545,84.8530302280447,2101.37892134472,2748844
5736328.91430698,60432.3274041476,83.0380168590217,2101.15091232907,2745822
5736338.87430676,60106.0200618046,81.2223463361278,2100.89886724293,2742650
5736348.85430653,59766.3344625235,79.4023604118277,2100.6179197999,2739306
5736358.81430631,59414.1157183297,77.5853443216344,2100.3056967578,2735792
5736368.77430609,59048.1240718209,75.767647085182,2099.95114548626,2732074
5736378.95430586,58659.1353637133,73.9091000691322,2099.53286060235,2728032
5736388.89430564,58264.052993754,72.0936989774163,2099.0595824026,2723821
5736398.83430542,57853.1210476831,70.2776535697012,2098.51349141569,2719324
5736408.7943052,57424.6371190605,68.4573317756768,2097.88421846622,2714506
5736418.75430497,56978.5123031687,66.6364163467281,2097.16496882413,2709350
5736428.93430474,56503.2881276904,64.7747024467773,2096.32578772053,2703701
5736438.89430452,56018.4290022715,62.9527012049042,2095.3888252505,2697762
5736448.8543043,55512.7275970523,61.1302386531262,2094.32161108894,2691374
5736458.81430408,54984.9387014975,59.307380574896,2093.1050854052,2684487
5736468.77430385,54433.7080163182,57.4842083100753,2091.71597519327,2677040
5736478.95430363,53844.5394321501,55.6205454408905,2090.08851552082,2668776
5736488.9143034,53241.2515581734,53.7970703146819,2088.25850915913,2659966
5736498.87430318,52609.6164664828,51.973663499256,2086.1524674851,2650339
5736508.79430296,51950.3965582324,50.1578357298999,2083.73234907437,2639822
5736518.93430273,51243.2521756731,48.3022413880252,2080.86617383126,2627973
5736528.89430251,50513.4330976623,46.4803710796674,2077.59435682697,2615088
5736538.85430229,49745.9868250927,44.6596281692214,2073.78640487108,2600773
5736548.81430207,48937.8864443689,42.840437404217,2069.34182965122,2584799
5736558.77430184,48085.7269408702,41.0233171777729,2064.13871400793,2566891
5736568.95430162,47165.2163902903,39.1688629525163,2057.87204230682,2546227
5736578.91430139,46211.7101488782,37.35804240791,2050.59304445323,2523223
5736588.87430117,45200.878943297,35.5517556958047,2041.92113295553,2496918
5736598.83430095,44127.0434778716,33.7512607214029,2031.54650012444,2466665
5736608.79430072,42983.2266974542,31.9581069421558,2019.11984763023,2431745
5736618.7543005,41760.9845558322,30.174198656048,2004.19987468091,2391273
5736628.93430027,40421.2942895778,28.3628974928695,1985.78157186208,2343019
5736638.89430005,39012.0375085234,26.6056205525469,1963.60998618962,2287078
5736648.81429983,37500.5757766992,24.8742245797302,1936.01712701361,2220176
5736658.9542996,35831.8989388209,23.1301574338557,1899.10410486438,2134857
5736668.91429938,34058.1492921852,21.4518471230921,1850.48509188395,2028171
5736678.87429916,32137.7928168325,19.8212592377055,1785.15973101318,1892503
5736688.83429894,30059.3819477026,18.2563173401782,1697.30445370718,1721101
5736698.79429871,27818.7568658612,16.7819567654195,1578.05195860434,1505803
5736708.75429849,25427.7935745876,15.4320196005689,1418.93153392228,1245862
5736718.95429826,22859.8297552669,14.2189693289493,1214.98378081119,953997
5736728.91429804,20305.2932755512,13.2362824209378,983.463901493652,676162
5736738.81429782,17859.2265678202,12.49167344462,717.672885062781,427560
5736748.8142976,15633.3857379842,11.9760995675827,479.192030552725,264192
5736758.81429737,13840.5208428842,11.6655782764879,284.958481938672,173240
5736759.81429735,13684.3264722748,11.6439715623912,276.843136326483,169497
5736760.81429733,13528.2044609871,11.6232821504802,270.640924039109,166335
5736761.8142973,13371.8763352528,11.6034529962819,265.50015148053,163490
5736762.81429728,13215.3215029109,11.584416576649,260.94803680816,160823
5736763.81429726,13058.4979581152,11.5660583488234,256.860371201795,158291
5736764.81429724,12901.2828362102,11.5482503384029,253.18141956423,155876
5736765.81429722,12743.5292267597,11.5308703928915,249.859651698439,153557
5736766.81429719,12585.1015788146,11.5138213420046,246.849499482816,151320
5736767.81429717,12425.9141710807,11.4970379381198,244.111237663699,149149
5736768.81429715,12265.9301648194,11.4804891773082,241.606780039729,147035
5736769.81429713,12105.1585123789,11.4641557064341,239.298473440183,144965
5736770.8142971,11943.6543546634,11.4480257066494,237.14464509427,142929
5736771.81429708,11781.5202679234,11.4320914118229,235.112983654369,140921
5736772.81429706,11618.8933517602,11.4163464629842,233.179362253583,138933
5736773.81429704,11455.9357247967,11.4007879117454,231.32518075519,136964
5736774.81429701,11292.824782428,11.3854155873787,229.534544068966,135011
5736775.81429699,11129.7463135258,11.3702331158588,227.784620352146,133070
5736776.81429697,10966.8913574951,11.3552415526577,226.05386787179,131137
5736777.81429695,10804.4443308017,11.340435760919,224.334433761072,129213
5736778.81429692,10642.5751844998,11.3258070916993,222.626545582996,127300
5736779.8142969,10481.4388189531,11.3113465773546,220.933861506835,125398
5736780.81429688,10321.1765234235,11.297048911819,219.260439484915,123512
5736781.81429686,10161.9178942619,11.2829131593333,217.60217893526,121640
5736782.81429684,10003.7881772546,11.268936101349,215.949240132863,119782
5736783.81429681,9846.90113311308,11.2551032510617,214.297805778493,117938
5736784.81429679,9691.35752092709,11.2413887460146,212.640450280523,116108
5736785.81429677,9537.25122670375,11.2277629759325,210.981646131919,114293
5736786.81429675,9384.67034025642,11.2142019554045,209.327711478833,112495
5736787.81429672,9233.70266894926,11.2006927139417,207.683024942435,110717
5736788.8142967,9084.43709770311,11.1872364879393,206.047023206164,108959
5736789.81429668,8936.96996196837,11.1738395838328,204.40588826071,107218
5736790.81429666,8791.3969052746,11.1604997272183,202.75830462677,105497
5736791.81429663,8647.7783748986,11.1472010536001,201.154064482418,103805
5736792.81429661,8506.11518399161,11.1339181373743,199.606431885204,102145
5736793.81429659,8366.40445580834,11.1206301019794,198.113107517597,100516
5736794.81429657,8228.6479178539,11.107326164662,196.673668266553,98918
5736795.81429654,8092.85354810779,11.0940082723968,195.285473308554,97350
5736796.81429652,7959.03982504993,11.0806892296077,193.928142162583,95808
5736797.8142965,7827.23537430482,11.0673745088722,192.589033910139,94291
5736798.81429648,7697.45802557876,11.0540531547985,191.263583656568,92796
5736799.81429646,7569.71447767678,11.0407004965279,189.937927200998,91323
5736800.81429643,7444.01091068028,11.0272896780041,188.610678480453,89869
5736801.81429641,7320.35414963414,11.0138036863844,187.290001828803,88438
5736802.81429639,7198.75545992528,11.0002392160536,185.983515719998,87031
5736803.81429637,7079.23511094798,10.9866105009324,184.679552239152,85645
5736804.81429634,6961.83223139506,10.9729380427257,183.360360882397,84277
5736805.81429632,6846.58217870782,10.9592316410975,182.022343439898,82929
5736806.8142963,6733.50386188529,10.9454843431073,180.662623232798,81598
5736807.81429628,6622.60363519157,10.931679228647,179.270192069546,80284
5736808.81429625,6513.88254442019,10.9178041066643,177.854097732548,78989
5736809.81429623,6407.33555391943,10.9038642802318,176.425320193394,77713
5736810.81429621,6302.95496411098,10.8898902471054,174.991960448736,76460
5736811.81429619,6200.7350172915,10.8759345579161,173.542654931223,75226
5736812.81429616,6100.67247524904,10.8620494790797,172.071812438402,74010
5736813.81429614,6002.74075383868,10.8482644816696,170.584651850733,72815
5736814.81429612,5906.87954430783,10.8345773814308,169.08916195529,71639
5736815.8142961,5812.99823942187,10.8209651716879,167.584990582362,70484
5736816.81429608,5720.9899337556,10.8074016358888,166.081072520006,69348
5736817.81429605,5630.73699476046,10.7938728373437,164.598272749755,68234
5736818.81429603,5542.11666266597,10.7803811277268,163.153984885287,67145
5736819.81429601,5455.00565428147,10.7669445447975,161.756666720141,66079
5736820.81429599,5369.29046701919,10.7535882245796,160.39570222265,65035
5736821.81429596,5284.86277665,10.7403221596504,159.071698491555,64010
5736822.81429594,5201.60604699655,10.72713224319,157.788554507149,63005
5736823.81429592,5119.39469744253,10.7139834199868,156.549667727703,62018
5736824.8142959,5038.10167495231,10.7008333554287,155.347096174025,61046
5736825.81429587,4957.60972029867,10.6876454135542,154.184672185488,60090
5736826.81429585,4877.8126876055,10.6743983800789,153.071346451824,59149
5736827.81429583,4798.61846694362,10.661086829529,152.014737007698,58224
5736828.81429581,4719.95049480931,10.6477257488265,151.01381377609,57313
5736829.81429578,4641.75691402121,10.6343477528664,150.050609425481,56413
5736830.81429576,4564.00495869538,10.6209822928536,149.118043140424,55523
5736831.81429574,4486.66691913048,10.6076467653933,148.212872697329,54641
5736832.81429572,4409.71517118975,10.5943441656041,147.333032406519,53768
5736833.8142957,4333.12305731466,10.5810708760133,146.468204621991,52900
5736834.81429567,4256.87009803578,10.5678232428171,145.617879745958,52039
5736835.81429565,4180.94036912487,10.5546102339598,144.788705467645,51185
5736836.81429563,4105.32279113424,10.5414547377479,143.98484045395,50337
5736837.81429561,4030.01291597309,10.5284072380752,143.209203735011,49497
5736838.81429558,3955.01655148389,10.5155366286291,142.450541956182,48663
5736839.81429556,3880.35291730345,10.5029060828843,141.699597573731,47834
5736840.81429554,3806.03780423151,10.490554623013,140.955869850044,47009
5736841.81429552,3732.07564247865,10.4784881167405,140.221134382632,46190
5736842.81429549,3658.45697582595,10.46668206674,139.496893338404,45375
5736843.81429547,3585.16341733572,10.4550958930585,138.776266220189,44565
5736844.81429545,3512.17415579956,10.4436859469553,138.066565086304,43759
5736845.81429543,3439.46521660918,10.4324196972403,137.377937772044,42960
5736846.8142954,3367.0122189403,10.4212767372064,136.718882290897,42167
5736847.81429538,3294.79309393279,10.4102634139102,136.090591072941,41381
5736848.81429536,3222.7975541245,10.3993971314102,135.478924360984,40599
5736849.81429534,3151.02229566686,10.3886741755861,134.880281827315,39822
5736850.81429532,3079.45925035549,10.3780624532153,134.294393367426,39049
5736851.81429529,3008.09337784606,10.367504871185,133.72144442276,38279
5736852.81429527,2936.90681826056,10.3569367384602,133.15172100101,37512
5736853.81429525,2865.88694752404,10.3462993981469,132.586223901082,36747
5736854.81429523,2795.02520255512,10.3355559223706,132.032887832422,35985
5736855.8142952,2724.31825181318,10.3246931816992,131.499393489837,35228
5736856.81429518,2653.76917571959,10.3137300707175,130.985805758451,34475
5736857.81429516,2583.39734891674,10.302713018656,130.474794825808,33724
5736858.81429514,2513.234381255,10.2916804255594,129.959802614346,32975
5736859.81429511,2443.31009415409,10.2806522528859,129.438784870548,32227
5736860.81429509,2373.64719535655,10.269627435258,128.911778055744,31481
5736861.81429507,2304.26114072849,10.2585955258898,128.372779831332,30737
5736862.81429505,2235.16532368504,10.2475454575455,127.820115651592,29994
5736863.81429502,2166.36993191694,10.236478540194,127.263610145902,29253
5736864.814295,2097.88111669465,10.2254170734495,126.711225781135,28516
5736865.81429498,2029.70255614305,10.2144067463892,126.169752262256,27784
5736866.81429496,1961.83830107795,10.20351272496,125.635501484495,27055
5736867.81429494,1894.30087791616,10.1927971868774,125.099535226279,26330
5736868.81429491,1827.09908809594,10.1822961907077,124.563214210386,25608
5736869.81429489,1760.22993177618,10.1720140730538,124.030220131718,24890
5736870.79429487,1695.00644751976,10.1617361011003,123.447910823637,24182
5736871.77429485,1630.06460966764,10.1519940329019,122.953619735514,23488
5736872.75429482,1565.34933746699,10.1423432031083,122.464745098158,22797
5736873.8142948,1495.56706373417,10.1319591293023,121.952368713557,22053
5736874.79429478,1431.21094289143,10.1223788690103,121.502953221115,21371
5736875.77429476,1366.96933144121,10.1128003169334,121.08393548333,20693
5736876.75429474,1302.80552184698,10.1032210388615,120.699816197827,20020
5736877.81429471,1233.45509120123,10.0928721319966,120.315420739318,19296
5736878.79429469,1169.36658856459,10.0833225659471,119.979417271003,18630
5736879.77429467,1105.28963131842,10.073780576182,119.660125164967,17966
5736880.75429465,1041.20890240383,10.0642219651308,119.356554324658,17303
5736881.79429462,975.125615788857,10.0648069749506,97.8307624023124,14321
5736882.7742946,927.656075412291,10.0810653609004,58.4787134969392,10785
5736883.75429458,889.08192672173,10.0858735221695,44.4723802315769,9688
5736884.81429456,855.380223245709,10.0894849449066,31.4116489586934,8864
5736885.79429453,830.77784532588,10.0905061886394,23.6940476053068,8412
5736886.77429451,811.253754619509,10.0904814938684,18.8446657395727,8119
5736887.75429449,795.816759272828,10.089976925513,14.9570577488247,7903
5736888.81429447,782.738199616317,10.089092357664,10.8373761670537,7723
5736889.79429444,773.31451233034,10.0882229059294,8.52167769350858,7609
5736890.77429442,765.869424177683,10.0874430234377,7.11510278405268,7525
5736891.7942944,758.859211230301,10.0868241714131,8.69235594848261,7469
5736892.79429438,751.03118479962,10.0861755251045,6.92386440285367,7379
5736893.79429435,744.856287412927,10.0857354912372,5.7718100029395,7311
5736894.79429433,740.186144852894,10.0855050604806,4.00877563126498,7257
5736895.79429431,736.479095757357,10.0853976523104,3.38276971784076,7219
5736896.79429429,733.552451764001,10.0854158948034,3.00842150340202,7189
5736897.79429427,731.213013621978,10.0855604391829,2.02672145561716,7164
5736898.79429424,729.398409608984,10.0857213913618,1.92619579324786,7146
5736899.79429422,727.956128741149,10.0859295952708,1.82393724063703,7132
5736900.7942942,726.823533197748,10.086153863765,1.41501863223807,7120
5736901.79429418,725.9210902825,10.0863863701229,0.977315673808816,7111
5736902.79429415,725.187016743468,10.0865955691871,0.600139402205567,7103
5736903.79429413,724.632479148102,10.0867674382724,0.769406777411442,7098
5736904.79429411,724.202700981288,10.0869099010357,0.362581838204007,7093
5736905.79429409,723.964238277404,10.0870358597722,0.36504515454622,7091
5736906.79429406,723.937547541456,10.0871133042258,0.0155620540660457,7091
time,altitude,phase_angle,airspeed,ergy
time,altitude,phase_angle,airspeed,ergy
5735517.06299083,71116.4655333183,-130.557792049094,2098.11401216481,2824553
5735527.06299061,71124.6577815488,-132.348998382266,2098.05612540008,2824495
5735537.06299039,71141.2708879192,-134.140109381764,2096.95340781724,2822313
5735547.08299016,71154.6519122854,-135.930556019693,2092.85456513859,2813831
5735557.14298994,71164.2346249104,-137.727891405526,2092.81938374336,2813832
5735567.46031898,71169.1424337763,-139.581876842534,2092.80081412778,2813832
5735577.30031899,71169.1805843593,-141.339851654191,2092.79976043215,2813830
5735587.24410803,71166.3307320721,-143.109231303872,2092.80980144842,2813828
5735597.33898104,71159.8757773978,-144.916348721228,2092.8333056063,2813827
5735607.11898098,71149.770999909,-146.663685417214,2092.87014572031,2813824
5735617.19898091,71135.6799207921,-148.464691910466,2092.92172282847,2813822
5735627.27898084,71117.8757505232,-150.265791533828,2092.98705504754,2813819
5735637.18502574,71097.1046743687,-152.032346042086,2093.06336472489,2813816
5735647.10502575,71073.0777069972,-153.805096442153,2093.15213556013,2813813
5735657.22502576,71044.9386496841,-155.613741067343,2093.25617572702,2813810
5735667.14502576,71013.8310129348,-157.386812570725,2093.37124738182,2813807
5735677.06502577,70979.2703072024,-159.160073407486,2093.49915668942,2813804
5735687.18502578,70940.4951686432,-160.96930116311,2093.64272167126,2813800
5735697.10502579,70899.0818484533,-162.743004818317,2093.79610715396,2813796
5735707.2250258,70853.4097097393,-164.552724916553,2093.96532213861,2813792
5735717.14502581,70805.3356825034,-166.326950443367,2094.14348311133,2813788
5735727.06502582,70753.8801377292,-168.101462856384,2094.33361759542,2813782
5735737.14502583,70697.5833320476,-169.904909348156,2094.538855463,2813770
5735747.13554814,70640.2296776902,-171.689096726778,2094.75205332409,2813768
5735757.09554792,70580.1379684707,-173.471742448384,2094.97589004087,2813765
5735767.23266212,70515.1547511909,-175.290038082036,2095.21698318674,2813759
5735777.06202228,70449.8181790597,-177.04645300535,2095.4594574846,2813755
5735787.12202206,70380.1610219565,-178.848142128226,2095.71853112779,2813750
5735797.29221731,70307.0905153614,179.312129238317,2095.99211461871,2813745
5735807.09221727,70234.2373845411,177.556176141046,2096.2626892162,2813739
5735817.08690473,70157.4889906138,175.782827250341,2096.54553054511,2813734
5735827.14690451,70076.9354245752,173.979390803048,2096.84444598851,2813727
5735837.18690428,69994.0634897258,172.179061175364,2097.15191761513,2813720
5735847.14690406,69910.0512072059,170.392590497731,2097.46498228738,2813716
5735857.10690384,69823.5724388395,168.605623911948,2097.78226176478,2813701
5735867.06690361,69734.7982987385,166.818153167869,2098.10144131302,2813672
5735877.20690339,69642.3033878469,164.997853488411,2098.42754871465,2813628
5735887.12690317,69549.8313873854,163.216529147744,2098.74571700779,2813568
5735897.08690294,69455.222025887,161.427502262468,2099.06327449646,2813489
5735907.26690272,69356.7564292443,159.598417466527,2099.38485242749,2813388
5735917.22690249,69258.6827620539,157.808329563748,2099.69559606879,2813268
5735927.18690227,69159.0298131139,156.017715116363,2100.00158851103,2813125
5735937.14690205,69057.9522246954,154.226574230272,2100.30184513389,2812958
5735947.10690183,68955.4125366845,152.434907993646,2100.59552436743,2812766
5735957.0669016,68851.4984092052,150.642718333774,2100.88184934484,2812548
5735967.24690138,68744.0097953244,148.81040411564,2101.16607718562,2812297
5735977.20690115,68637.6240692423,147.017165176866,2101.43536338436,2812023
5735987.16690093,68530.0062964176,145.22341312002,2101.69560736319,2811719
5735997.12690071,68421.0963791009,143.429152252293,2101.94661503457,2811387
5736007.08690048,68311.0638452673,141.634387168888,2102.18811848602,2811025
5736017.22690026,68197.3861034984,139.806673671975,2102.42364849348,2810621
5736027.14690004,68084.6613723737,138.018120045943,2102.64255702807,2810190
5736037.10689981,67969.8166307884,136.221868273192,2102.85264554746,2809723
5736047.06689959,67855.2100652416,134.425133848058,2103.05220152453,2809236
5736057.24689936,67736.6950713315,132.588221211367,2103.24256559246,2808698
5736067.20689914,67619.4011652566,130.790533131246,2103.41582624411,2808133
5736077.16689892,67500.7624106297,128.992384555064,2103.57651329323,2807531
5736087.1268987,67380.7460339441,127.193782522946,2103.7246417869,2806892
5736097.08689847,67259.3023185476,125.394734069925,2103.85994823569,2806214
5736107.26689825,67133.6312593004,123.555493746541,2103.98457465038,2805479
5736117.22689802,67009.0789723649,121.75556469008,2104.09253899687,2804718
5736127.1868978,66882.8393884122,119.955211579864,2104.1861926237,2803913
5736137.14689758,66754.7991551169,118.154441920467,2104.26549491287,2803064
5736147.08689736,66625.0959267309,116.356880222107,2104.3301970733,2802169
5736157.24689713,66490.394887778,114.5191194648,2104.38131423298,2801207
5736167.18689691,66356.3718053129,112.720754507281,2104.41654752594,2800215
5736177.14689668,66219.683480381,110.918382426062,2104.43711714048,2799172
5736187.10689646,66080.4234804529,109.115627136357,2104.44302878901,2798076
5736197.06689624,65938.3946381169,107.312493879229,2104.43446503545,2796928
5736207.24689601,65790.1324313785,105.46914655097,2104.41084761466,2795697
5736217.20689579,65641.8111252214,103.665262274156,2104.37331110589,2794437
5736227.16689557,65490.0157861493,101.861011711556,2104.32166319279,2793118
5736237.31483483,65331.4376332363,100.018717580787,2104.25482993375,2791711
5736247.11483484,65173.7629654889,98.2427298515341,2104.1787223324,2790293
5736257.35483485,65004.5824497091,96.3866257643217,2104.0851329784,2788745
5736267.23930732,64837.1880784378,94.5982249655544,2103.9796262489,2787189
time,altitude,phase_angle,airspeed,ergy
5735516.43592136,71117.8080787109,-130.444788148437,2098.11024700734,2824555
5735526.43592114,71126.0265970966,-132.235987631845,2098.05238812982,2824498
5735536.43592092,71142.5892640081,-134.027096777259,2097.99508987201,2824508
5735546.49592069,71156.1703715436,-135.824955230677,2092.84973846963,2813833
5735556.45592047,71165.7795189816,-137.604415689988,2092.81410605417,2813833
5735566.51592025,71171.7758413968,-139.401696872801,2092.79187033185,2813834
5735576.47592002,71174.0340502495,-141.181088869466,2092.78349927723,2813834
5735586.4359198,71172.6302149538,-142.960478664701,2092.78871262059,2813834
5735596.49591958,71167.4972120327,-144.757753156055,2092.80776432006,2813833
5735606.45591935,71158.743421933,-146.537202579549,2092.84025338264,2813832
5735616.51591913,71146.2037458379,-148.334580431437,2092.88679516785,2813832
5735626.4759189,71130.1421960916,-150.114174780712,2092.94641185176,2813830
5735636.58630932,71110.134396194,-151.930322898453,2093.020905102,2813829
5735646.61462961,71087.0413081927,-153.722578751901,2093.10612154877,2813826
5735656.55166073,71060.1388784883,-155.49208907546,2093.20580589411,2813824
5735666.47166074,71029.2131644872,-157.2650756551,2093.32032405906,2813821
5735676.59166075,70994.0925448366,-159.074002305612,2093.45042052586,2813818
5735686.51166076,70956.2040126033,-160.847390207471,2093.5908084371,2813815
5735696.43166077,70914.9314687552,-162.621006625313,2093.74377867336,2813811
5735706.55166078,70869.3882126735,-164.430637088759,2093.91261379108,2813807
5735716.47166079,70821.4257157405,-166.204774200397,2094.09045995275,2813803
5735726.5916608,70769.1670664557,-168.01497547837,2094.28428225843,2813799
5735736.47166081,70714.9637683514,-169.782553516898,2094.48534779576,2813795
5735746.55166082,70656.483812527,-171.586243341661,2094.7023260602,2813790
5735756.47166083,70595.8611731881,-173.361647524323,2094.92727771983,2813785
5735766.59166083,70530.9016424835,-175.173216396955,2095.16818635055,2813780
5735776.49820379,70461.9268308394,-176.943372762996,2095.41408591594,2813755
5735786.45820357,70393.1501176984,-178.727074170949,2095.67066594639,2813752
5735796.51820334,70320.8493034944,179.470900089335,2095.94030381551,2813749
5735806.47820312,70246.3696353219,177.686359440714,2096.21733479726,2813744
5735816.4382029,70166.8505735113,175.901377658632,2096.50407126813,2813720
5735826.47820267,70084.1394867845,174.101596952832,2096.80260138574,2813696
5735836.43820245,70002.2409136478,172.315684499964,2097.10778294486,2813692
5735846.49820223,69917.4198687122,170.511349110334,2097.42464260507,2813689
5735856.458202,69830.7905994948,168.72444953394,2097.74470761703,2813679
5735866.63820178,69739.7289908462,166.897555148026,2098.07696614653,2813660
5735876.55820155,69649.4302253808,165.116800031601,2098.40394369177,2813635
5735886.47820133,69556.8738036519,163.335523990516,2098.73271040586,2813596
5735896.43820111,69462.4430874033,161.546536435718,2099.05985823622,2813539
5735906.61820088,69364.2188074103,159.717484664085,2099.3880120518,2813454
5735916.57820066,69266.2790812911,157.927422033052,2099.70789491913,2813354
5735926.53820044,69167.1048090605,156.136829398837,2100.01270584519,2813212
5735936.49820021,69066.3299503557,154.345710515658,2100.31503302892,2813052
5735946.45819999,68964.0099798318,152.554065514657,2100.60522319837,2812855
5735956.63819976,68858.369658788,150.722308480216,2100.89590358128,2812632
5735966.59819954,68753.6072122738,148.929611983347,2101.17764474712,2812397
5735976.55819932,68648.2244252511,147.136396740185,2101.44731757079,2812131
5735986.5181991,68541.333774187,145.342671631163,2101.70236721713,2811823
5735996.47819887,68433.5759543664,143.548446051743,2101.9451071309,2811482
time,altitude,phase_angle,airspeed,ergy
5735516.70706246,71115.3888022942,-130.494548238396,2098.11770390687,2824552
5735526.70706224,71123.7369989411,-132.28576052001,2098.05945851931,2824495
5735536.70706201,71140.471406405,-134.076881201256,2098.00152785657,2824505
5735546.78706179,71153.988784114,-135.878204007105,2092.85676864584,2813830
5735556.74706157,71163.5319150595,-137.657676436617,2092.82138135178,2813831
5735566.77030364,71169.1721114133,-139.451976523786,2092.80028214979,2813831
5735576.89030365,71170.7235539452,-141.259969290568,2092.79416750444,2813830
5735586.81030366,71168.5777963575,-143.032232756736,2092.80177535885,2813829
5735596.73030367,71162.8048281453,-144.804519037748,2092.82284778275,2813828
5735606.85030368,71153.1848792676,-146.612582077011,2092.85819054296,2813826
5735616.80098724,71140.7886067301,-148.404577986352,2092.90401880979,2813824
5735627.1009872,71124.4626460419,-150.24495146866,2092.9640977519,2813822
5735636.90098717,71105.3547154231,-151.996086731827,2093.03455200184,2813819
5735647.20098713,71081.5385274882,-153.836693157601,2093.12248490812,2813816
5735657.00098709,71055.3524746521,-155.588091641949,2093.21926385645,2813813
5735666.80098706,71025.7575222955,-157.339648378394,2093.32872369601,2813810
5735677.10098702,70991.014333822,-159.180762072645,2093.4573045802,2813807
5735686.90098698,70954.534173256,-160.932703843547,2093.59238322569,2813803
5735697.09387757,70913.0938239635,-162.751655422607,2093.7455916009,2813799
5735706.7341899,70870.5760582533,-164.461078055588,2093.90301149604,2813797
5735716.72648478,70822.6155206027,-166.251705336173,2094.08194274895,2813795
5735726.84648479,70770.4944078117,-168.061891439452,2094.27582717532,2813792
5735736.72648479,70716.4085378516,-169.829454775154,2094.4769744081,2813789
5735746.8064848,70658.034035705,-171.633129726487,2094.69403483454,2813785
5735756.72648481,70597.5043318887,-173.408519406471,2094.91908156329,2813781
5735766.84648482,70532.6764228399,-175.220073635588,2095.16008842641,2813777
5735776.76648483,70466.1767435588,-176.996206887956,2095.40726107998,2813773
5735786.88648484,70395.4151841367,-178.808554882785,2095.67027610489,2813768
5735796.80648485,70323.2692499636,179.41450014625,2095.93844133825,2813763
5735806.72648486,70248.4528985849,177.637129257645,2096.216548721,2813758
5735816.84648487,70169.4640720397,175.823469479444,2096.51018190895,2813753
5735826.76648488,70089.5147261443,174.045191866834,2096.80740363235,2813747
5735836.88648489,70005.4771770244,172.230576700546,2097.11984608752,2813741
5735847.0864849,69918.3788622756,170.401106208037,2097.44335800759,2813735
5735856.88648491,69832.0492167783,168.642885051128,2097.75873281307,2813717
5735867.12648492,69740.0868875798,166.805196679894,2098.09026909904,2813689
5735876.84648492,69650.9478426818,165.060323488205,2098.40628559574,2813650
5735887.00648493,69555.3296236396,163.235932874104,2098.73566042888,2813588
5735896.80648494,69461.5435803443,161.475667544765,2099.05144635261,2813513
5735907.04648495,69361.6517033987,159.635822958788,2099.37835128468,2813412
5735916.84648496,69264.7494177066,157.874566887078,2099.6873974415,2813297
5735926.89219765,69164.2373061228,156.0720976722,2099.99683486511,2813156
5735936.85219743,69063.1405856127,154.280970585778,2100.29851881031,2812992
5735946.8121972,68960.60180116,152.489316657544,2100.59381729452,2812804
5735956.77219698,68856.6837721471,150.697137716972,2100.88197385155,2812589
5735966.73219676,68751.4413986397,148.904436359193,2101.162357991,2812347
5735976.91219653,68642.5564614073,147.071600649624,2101.4404166519,2812072
5735986.87219631,68534.7763733058,145.2778531979,2101.70365500073,2811774
5735996.83219608,68425.7952810397,143.483594511151,2101.95774291133,2811447
5736006.79219586,68315.6378854911,141.688829222443,2102.20228855291,2811091
5736016.71219564,68204.7697403614,139.900773252012,2102.43599322719,2810705
5736026.84825999,68089.9912048408,138.069656951068,2102.66569199546,2810279
5736037.08826,67972.3743237703,136.222887935799,2102.8869709481,2809814
5736046.84826001,67859.2898137622,134.462206317322,2103.0872019705,2809340
5736057.04826002,67739.9165056127,132.621655410163,2103.28512827102,2808811
5736066.80826002,67624.2045197673,130.860034689081,2103.46144032955,2808265
5736077.04826003,67501.6804612735,129.011294954659,2103.63319039883,2807656
5736086.84826004,67383.0063414478,127.241538664057,2103.78420610391,2807033
5736097.08826005,67257.8638592921,125.391857084904,2103.92820547928,2806344
5736106.88826006,67136.4329892425,123.621215025272,2104.05174717933,2805641
5736117.12826007,67008.0948796513,121.770624716646,2104.16597132285,2804863
5736126.92826008,66883.7805737308,119.999129257763,2104.26074448409,2804076
5736136.80892415,66756.5313423956,118.216209307702,2104.34060833413,2803235
5736146.76919737,66627.1773499764,116.414971581844,2104.40416041253,2802342
5736156.70919715,66496.0659628847,114.616952783669,2104.45258078418,2801402
5736166.84919692,66360.0965252122,112.782354283746,2104.48653469051,2800392
5736176.8091967,66224.1866127854,110.979933965982,2104.50474515418,2799350
5736186.76919647,66085.7593226391,109.177134756641,2104.50801806475,2798255
5736196.72919625,65944.6169891219,107.373962320099,2104.49646511617,2797108
5736206.90919602,65797.3304693536,105.53058031496,2104.46946236742,2795878
5736216.8691958,65650.0520484636,103.726675971359,2103.61885566773,2792915
5736226.82919558,65503.0304082672,101.924120608312,2099.78381208554,2783683
5736236.78919536,65355.5171590332,100.123431038989,2099.74174035013,2782419
5736246.74919513,65200.9588903076,98.3223720846871,2099.70200819381,2781102
5736256.70919491,65039.09818241,96.5209226865084,2099.66431633133,2779731
5736266.88919468,64865.8377183765,94.6792562865554,2099.62768822062,2778271
5736276.84919446,64688.3831141589,92.8769508274941,2099.5935098533,2776782
5736286.80919424,64502.7856169289,91.074187914344,2099.56079142258,2775229
5736296.76919401,64308.744539722,89.2709441244491,2099.52936845714,2773611
5736306.72919379,64105.9470183279,87.4671953381809,2099.49909344555,2771925
5736316.90919356,63889.282162813,85.6230569720606,2099.46919798809,2770127
5736326.86919334,63667.7692216439,83.8182102442425,2099.44084477085,2768292
5736336.82919312,63436.4696985692,82.0127829537197,2099.39268720386,2766336
5736346.7891929,63194.9861120943,80.2068031619689,2099.26776138594,2764136
5736356.74919267,62942.9266455334,78.400272171205,2099.137014798,2761838
5736366.70919245,62679.8405686521,76.5931661663021,2099.00024897532,2759436
5736376.86919222,62399.6221629094,74.7491546279658,2098.85435360022,2756876
5736386.789192,62113.9786890071,72.9480736951048,2098.7054224392,2754264
5736396.72919178,61815.3085799796,71.1427117996568,2098.54815427561,2751528
5736406.90919155,61495.9489569265,69.2930585408404,2098.37567932641,2748590
5736416.86919133,61169.7131135389,67.4826664428285,2098.19199885883,2745571
5736426.82919111,60829.2479782224,65.6715476974125,2097.98891967559,2742394
5736436.78919088,60473.9202188151,63.8596825840975,2097.76074570842,2739041
5736446.74919066,60103.0563726332,62.0470551802299,2097.50041501112,2735491
5736456.70919044,59715.9374370261,60.2336545979132,2097.19915036737,2731721
5736466.88919021,59302.6670975328,58.3793955871,2096.83754528173,2727608
5736476.84918999,58880.2592581251,56.5644274278784,2096.41733150569,2723293
5736486.80918977,58439.0712009323,54.7487016217461,2095.91576812364,2718651
5736496.76918954,57978.1183075106,52.9322438576515,2095.31938331063,2713645
5736506.72918932,57496.324617521,51.1150890034397,2094.61451056231,2708236
5736516.90918909,56981.1294737391,49.2571217557597,2093.7686948642,2702254
5736526.86918887,56453.548946952,47.4387005243772,2092.80423267991,2695916
5736536.82918865,55901.4176210695,45.6197448890641,2091.68285612402,2689042
5736546.78918843,55323.2633654036,43.8003372406269,2090.37867951826,2681566
5736556.7491882,54717.4070195591,41.9805815143431,2088.86118218391,2673409
5736566.70918798,54081.996959172,40.1606076283999,2087.09297800277,2664479
5736576.88918775,53399.8931962278,38.3003773183414,2084.9790190808,2654434
5736586.82918753,52699.7330840828,36.4841543943111,2082.55892124327,2643594
5736596.76918731,51963.3347711357,34.6683346563176,2079.71920382546,2631574
5736606.90918708,51171.8940551733,32.8167194161712,2076.30575501978,2617899
5736616.82918686,50355.1625518746,31.0063930091026,2072.36207118244,2602909
5736626.78918664,49489.3650167817,29.1903597326618,2067.68055974152,2585981
5736636.74918642,48573.7137986338,27.3765163014997,2062.13003080914,2566845
5736646.70918619,47603.6631131656,25.5655961704998,2055.52943202503,2545101
5736656.88918597,46550.5999268403,23.7186527093741,2047.43909859281,2519623
5736666.84918574,45454.0598540142,21.9167094396307,2037.87987888682,2490819
5736676.80918552,44285.2282392696,20.1212970312112,2026.30022861103,2457364
5736686.7691853,43036.3776351977,18.3343016011649,2012.20932100928,2418268
5736696.72918507,41698.6381292143,16.5581045314342,1995.00407410018,2372348
5736706.90918485,40228.904816994,14.7569413544838,1973.42631130103,2316902
5736716.86918462,38679.047308347,13.0126782235029,1947.0110837808,2251738
5736726.8291844,37005.8350165528,11.2917332394075,1913.21454042135,2171986
5736736.76918418,35200.0551172202,9.60585722796199,1867.98423884404,2070715
5736746.90918395,33204.8623141925,7.93169245682926,1804.96490669417,1937466
5736756.86918373,31082.849362744,6.35009537066496,1720.5926226173,1769986
5736766.82918351,28793.7667870014,4.85527307053315,1605.46977306802,1558164
5736776.78918329,26346.5020176456,3.48100127082379,1449.38770514953,1297820
5736786.74918306,23774.6982598145,2.26843018795833,1249.93787442276,1005388
5736796.70918284,21142.1356155273,1.25632809186431,1015.22624916361,715570
5736806.76918262,18525.8571986248,0.468677022577361,761.256752577014,465944
5736816.76918239,16046.0864936943,-0.0716205555368949,522.928809666431,289942
5736826.76918217,13791.077949168,-0.388064070745878,313.506354628333,181311
5736827.76918215,13593.0232778189,-0.408861024357909,296.344543359006,174222
5736828.76918212,13398.3267101791,-0.427744326554119,284.814323227555,169046
5736829.7691821,13204.0231400487,-0.445113199003853,276.813681123629,164975
5736830.76918208,13008.2646339741,-0.461237128328808,270.810893619376,161493
5736831.76918206,12810.0136908832,-0.476328474713245,265.903526089451,158312
5736832.76918203,12608.7952234211,-0.490574978757253,261.596276716703,155283
5736833.76918201,12404.5124725204,-0.504105303266345,257.752343882643,152362
5736834.76918199,12197.2464586011,-0.516946431833614,254.30601276141,149527
5736835.76918197,11987.1791756795,-0.529051876837977,251.202748115805,146763
5736836.76918194,11774.5587630239,-0.540346691777592,248.389031740999,144055
5736837.76918192,11559.6596157972,-0.550754138922087,245.814111171891,141390
5736838.7691819,11342.7717683521,-0.560179873931246,243.429872535116,138759
5736839.76918188,11124.2000838706,-0.568515746110742,241.185322104748,136149
5736840.76918186,10904.2577567202,-0.575648013282423,239.039850140584,133554
5736841.76918183,10683.2564601364,-0.581466656828876,236.962186202587,130968
5736842.76918181,10461.5033244671,-0.585876339017449,234.928006401776,128388
5736843.76918179,10239.3012691314,-0.588809969939649,232.91912210046,125812
5736844.76918177,10016.95405561,-0.590234501113111,230.912504090059,123238
5736845.76918174,9794.78085198882,-0.590142602190394,228.881021159163,120662
5736846.76918172,9573.11945182295,-0.588529512486416,226.812825889062,118086
5736847.7691817,9352.31490640319,-0.585393724038937,224.709566281993,115513
5736848.76918168,9132.71308554232,-0.580735449873943,222.577578019539,112947
5736849.76918165,8914.65670083684,-0.574565753212509,220.425753144073,110395
5736850.76918163,8698.4784992598,-0.56693225699141,218.284623116646,107867
5736851.76918161,8484.42827941524,-0.557929016194031,216.265839437797,105389
5736852.76918159,8272.69705927034,-0.547635651840488,214.356550811542,102958
5736853.76918156,8063.49008147395,-0.536092468781771,212.52939409152,100572
5736854.76918154,7857.02998330817,-0.523278830300979,210.75415347416,98225
5736855.76918152,7653.54790149466,-0.509111722054413,209.021065714582,95917
5736856.7691815,7453.27074569254,-0.493494990462763,207.324761350899,93649
5736857.76918148,7256.42042234109,-0.476359344398797,205.661024601314,91422
5736858.76918145,7063.22008542845,-0.457730761831722,204.004877690676,89233
5736859.76918143,6873.91208611021,-0.437734620806133,202.328380548258,87079
5736860.76918141,6688.73805934156,-0.41653259013205,200.62024071629,84960
5736861.76918139,6507.92599342181,-0.394300324371144,198.870773644542,82877
5736862.76918136,6331.69321586401,-0.371240825130597,197.060377025091,80827
5736863.76918134,6160.24588329729,-0.347547214435147,195.193217425137,78815
5736864.76918132,5993.76688828564,-0.323484902281707,193.27782378178,76844
5736865.7691813,5832.41748237179,-0.299427550403905,191.320031921486,74917
5736866.76918127,5676.34374580346,-0.275884957783211,189.302561046104,73032
5736867.76918125,5525.68326213723,-0.253428672275379,187.215295290885,71190
5736868.76918123,5380.52807189384,-0.232562031800009,185.065164538401,69393
5736869.76918121,5240.90427915612,-0.213663846394832,182.864587447844,67644
5736870.76918118,5106.76736224256,-0.19696790266421,180.624541190097,65945
5736871.76918116,4978.01681614842,-0.182602827191086,178.344443302807,64295
5736872.76918114,4854.50874459324,-0.17050744146797,176.043278646006,62697
5736873.76918112,4736.05945957825,-0.160547791513989,173.739435048632,61151
5736874.7691811,4622.45593990409,-0.152565224557895,171.447448885242,59660
5736875.76918107,4513.46327541675,-0.146412541189152,169.170510095682,58220
5736876.76918105,4408.84004095756,-0.141958319527749,166.907142532613,56830
5736877.76918103,4308.3248239276,-0.139015488447088,164.669967976232,55488
5736878.76918101,4211.6288894274,-0.137371072030416,162.473105046124,54194
5736879.76918098,4118.43968051428,-0.136785747007606,160.330481673314,52948
5736880.76918096,4028.43189033144,-0.1370333562643,158.24789336481,51746
5736881.76918094,3941.28499149869,-0.137901316460001,156.226096881179,50585
5736882.76918092,3856.69165420649,-0.139137183534066,154.279854446525,49465
5736883.76918089,3774.3607069283,-0.140534104076566,152.420947287055,48383
5736884.76918087,3694.02132153884,-0.141931132602979,150.658870075079,47338
5736885.76918085,3615.42533662706,-0.143240374248523,148.992390801694,46327
5736886.76918083,3538.35783509118,-0.144450758026468,147.405645802204,45345
5736887.7691808,3462.6313661671,-0.145534296661814,145.89356907104,44390
5736888.76918078,3388.07421712647,-0.146459263056844,144.454149550834,43458
5736889.76918076,3314.52911898855,-0.147200210493136,143.077923749256,42547
5736890.76918074,3241.87786455161,-0.147713126390531,141.794767698289,41660
5736891.76918072,3169.86884983373,-0.147975475482057,140.604437165704,40793
5736892.76918069,3098.3227724185,-0.147933155043397,139.502082104554,39945
5736893.76918067,3027.09685853962,-0.1475579959599,138.485494708036,39112
5736894.76918065,2956.07734084746,-0.14684558173726,137.551127918119,38293
5736895.76918063,2885.17463928217,-0.145805575687145,136.696267050577,37488
5736896.7691806,2814.31896730734,-0.144467996283541,135.91152527964,36692
5736897.76918058,2743.46158255846,-0.142873998288079,135.183352878288,35905
5736898.76918056,2672.56185942818,-0.141041431677052,134.507806783267,35125
5736899.76918054,2601.5787393935,-0.138976751818183,133.883559956696,34351
5736900.76918051,2530.46853652759,-0.136680229130857,133.309561872447,33583
5736901.76918049,2459.18655251351,-0.134162089587104,132.777107894535,32819
5736902.76918047,2387.69110781478,-0.131412240858207,132.286412318489,32058
5736903.76918045,2315.94065167662,-0.128417021523643,131.843297035144,31302
5736904.76918042,2243.89220452448,-0.12516995889785,131.453157317164,30549
5736905.7691804,2171.50065471756,-0.121672214861519,131.120389016767,29800
5736906.76918038,2098.71961223811,-0.117936924021684,130.846007919575,29056
5736907.76918036,2025.50296165398,-0.11398571729712,130.624168783282,28314
5736908.76918034,1951.81033518014,-0.109836161848269,130.448682917422,27573
5736909.76918031,1877.59798668697,-0.105499879823297,130.320477654311,26833
5736910.76918029,1802.81283179659,-0.100988906987617,130.236304695196,26093
5736911.76918027,1727.3982296231,-0.096317963729655,130.190085216273,25351
5736912.76918025,1651.29273530794,-0.0914941775390428,130.186307389623,24609
5736913.76918022,1574.43071694428,-0.0865282836224603,130.227320424652,23864
5736914.7691802,1496.72952317318,-0.0814301230027955,130.325063302573,23118
5736915.76918018,1418.09399133036,-0.0762142484675492,130.486219866607,22372
5736916.76918016,1338.40770467615,-0.0708960966016277,130.718301058037,21624
5736917.76918013,1257.53034893097,-0.0654910691845609,131.025068031833,20874
5736918.76918011,1175.29265645787,-0.060008549793389,131.417008652274,20122
5736919.76918009,1091.48750360392,-0.0544535983172324,131.89932132414,19367
5736920.72918007,1009.34236516582,-0.0488361991642715,132.386952153531,18628
5736921.70918005,923.473158605862,-0.0432412232828174,133.05966062891,17877
5736922.76918002,827.852968643769,-0.0370824390297445,133.916175564498,17056
5736923.74918,736.394441619748,-0.0312635019641688,134.837953321943,16285
5736924.72917998,641.354689259781,-0.0252878843463725,135.877304919494,15495
5736925.70917996,541.916681442526,-0.0191166196121154,137.020596782519,14677
5736926.70917993,449.314021182479,-0.0137251871001125,97.5192612045325,9143
5736927.70917991,374.785701376153,-0.00919944214852929,81.8545078436022,7010
5736928.70917989,316.422174353502,-0.00572894910611411,57.2069823779342,4728
5736929.70917987,269.662329462473,-0.00313119561331684,48.3484554356283,3804
5736930.70917984,232.300137931597,-0.00118399382585259,37.121511525595,2960
5736931.70917982,202.860316462698,0.000204123334444281,28.3921623588707,2387
5736932.7691798,178.380928093451,0.00118524786270669,22.1524537808956,1990
5736933.74917978,160.571448123781,0.00174332885240393,16.996230581183,1716
5736934.72917975,146.419258781243,0.00203867023943719,14.4036685414761,1537
5736935.70917973,135.142946605571,0.00214291164502187,11.6858706571254,1391
5736936.76917971,125.664808770176,0.00210196418831192,9.37895482930438,1275
5736937.74917969,119.008822522941,0.00197052640690013,7.81006481229447,1196
5736938.72917967,113.719094307628,0.00178989567430926,7.08095128750545,1139
5736939.70917964,112.87294923747,0.00157445791429672,4.23812571801864,1116
5736940.76917962,110.680606851936,0.00134019212790025,3.74457513108186,1092
5736941.7491796,108.816804717761,0.00113571087190075,4.19995255427376,1075
5736942.72917958,106.656378440908,0.000947090532407647,3.00856664480927,1050
5736943.74917955,102.527779673226,0.000769587321430471,5.15033290109915,1018
5736944.74917953,98.3428500033915,0.000619588541002351,4.2877103959037,973
5736945.74917951,95.0175907664234,0.000492875916941656,3.31433428187365,937
5736946.74917949,92.4137928689597,0.000385729037418512,2.38752525104995,909
5736947.74917946,90.362060335814,0.000295183518212874,2.17468175767234,888
5736948.74917944,88.7462097024545,0.000219014158756172,1.93065182372618,872
5736949.74917942,87.4675918808207,0.000155236616989904,1.518006800178,859
5736950.7491794,86.4690245916136,0.00010227837689158,0.998279577026807,848
5736951.74917937,85.682929298724,5.90648482196966E-05,0.526289172701279,840
5736952.74917935,85.073321153759,2.43886535555275E-05,0.690236473993731,834
5736953.74917933,84.5617799867177,-2.56132093875478E-06,0.425430398227007,829
5736954.74917931,84.2129329177551,-1.33090140012399E-05,0.1729435531064,826
5736955.74917929,84.2380221046042,-1.14863496579683E-05,0.0225342186916579,826
5736956.74917926,84.2368640648201,-1.1197136397928E-05,0.014912670406829,826
